id,name,email,email_verified_at,password,remember_token,created_at,updated_at,location,image,deleted_at,status,zone,state,city
37fd870e-a3a1-4ae7-ac63-8320c34be291,Justin Mclaughlin,ulamb@example.org,2022-03-08 05:42:12,irvmL7L@6+,53f5c18975c3bde8127f8f6ade38e337,2020-01-05 06:52:02,2023-03-22 10:24:59,"Unit 0889 Box 5961
DPO AA 46410",https://placekitten.com/985/287,,active,east,Odisha,Cuttack
f9a00c0a-542d-4336-ab97-550ff22d7c2e,Erin Thomas,kcarpenter@example.com,2023-01-18 07:47:11,Qu#80MyZuR,852386fa6dee9d7e477fd5dbb7c1b954,2021-06-18 12:49:21,2024-01-03 06:09:21,"686 Jose Fort
Jacobberg, AR 69080",https://placekitten.com/152/623,,active,north,Punjab,Ludhiana
d4bb565e-6736-405e-884f-b0aa776fb817,Gregory Morton,rossruben@example.net,2024-01-03 02:05:15,1mYbrO0v*D,546eaf16ca026a2e02668893c78aa479,2021-09-10 15:31:07,2023-08-07 17:50:43,"6901 Barnes Summit Apt. 923
South Kathryn, TX 95956",https://picsum.photos/70/353,,active,south,Karnataka,Mysore
614068dc-0d62-48b3-b6f3-8421e31d47e7,Pamela Hansen,nicolegrant@example.org,2022-12-27 15:49:51,$3v7H@f6Xt,52cad6b23d3863500d7d4121ab901b85,2023-11-09 16:47:06,2020-08-01 17:29:51,"042 Mcbride Ridges
Port Virginiaview, MP 62556",https://placekitten.com/543/1005,,active,north,Delhi,New Delhi
74904491-c0c6-4d5b-adb0-136430dae777,Michael Cook,youngallison@example.net,2021-04-06 01:28:49,@^l5HGmaVK,1dbe51af9436ca3f5c83cf0b9173ccc3,2021-07-16 09:15:05,2021-03-03 21:13:35,"365 Lauren Ranch
North Angela, WA 48070",https://dummyimage.com/254x370,,active,south,Tamil Nadu,Coimbatore
403bc524-3af4-4b5c-b99c-78977cef5e4d,Alexander Schroeder,christophermitchell@example.net,2021-10-13 17:29:51,+77qJqc5R8,cc2c0fc7a06b40db1b8fc75f6913e13a,2024-05-17 01:18:46,2022-04-04 09:07:57,"925 Daniel Mission
Juliaton, MS 40578",https://placekitten.com/420/902,,active,south,Tamil Nadu,Chennai
d766b501-ceec-4488-a93e-386ec6b77aab,Tiffany Valenzuela,bryan37@example.net,2021-11-13 16:16:05,j$&dn5KieT,56e227e70fd5259966b1b9dfaec289cd,2024-05-16 18:07:43,2022-01-08 22:54:20,"7064 Oliver Drive
New Tylerhaven, DE 19321",https://placekitten.com/191/954,,active,north,Uttar Pradesh,Kanpur
68f918ac-1b17-4d9a-aaef-06f8a2956554,Renee Ryan,scottcurtis@example.net,2020-05-03 17:36:11,VRR!bg1qI!,99bd5895c9fe5ce64f737189e28ff44e,2023-03-30 03:13:29,2022-09-07 06:17:55,"56045 Phillip Stravenue Suite 507
South Amberfurt, CA 13932",https://picsum.photos/525/66,,active,north,Punjab,Ludhiana
ae57b05d-07bf-4c08-abc5-96bcf31c4b6e,Lori Lee,garciadonald@example.org,2021-10-24 14:00:00,$#J5BGmc3v,a3f2a3d58583d5a28332a218c2b060da,2020-07-27 15:49:08,2021-01-20 10:43:15,"48024 Moon Club Suite 056
Port Kimberly, MA 59789",https://placekitten.com/638/876,,active,south,Kerala,Kochi
6784f9bc-edb9-43b7-9bca-4d2a4f5be072,Kenneth Watson,brianna07@example.com,2021-11-30 15:29:20,%1LhKv9g*5,86d9b3ed50567c2cc7e5a49a069605ae,2020-02-29 04:44:50,2020-07-01 05:26:20,"PSC 6827, Box 3530
APO AA 93631",https://picsum.photos/634/167,,active,east,West Bengal,Durgapur
d45ee7ad-119a-434a-94c6-37d817170ab4,Angela Campbell,thomasbrandon@example.com,2021-07-02 11:26:08,Hp9AENi$#U,ca5d93e69543240fb96b2fae4af96203,2022-05-25 23:15:20,2023-08-21 18:46:49,"3352 Moreno Inlet
South Leslie, MN 89026",https://placekitten.com/97/1014,,active,north,Uttar Pradesh,Kanpur
614e49c1-4e4e-45e3-95d4-78b9368c079d,Vincent Horn,clamb@example.net,2022-07-10 04:46:52,idAfwmD1!0,be044ea6a4d361e5c6d7ea7762e4bda2,2024-01-28 08:10:01,2023-05-14 05:48:34,"193 Angela Corner Apt. 951
North Jennifermouth, ME 30729",https://picsum.photos/759/794,,active,north,Punjab,Chandigarh
4f59ddf9-b1fa-4191-a9b2-f2fc5a77be86,Ryan Ward,andreawashington@example.org,2023-06-25 08:55:15,&g0jwAUOj2,db80ef8acb9c2a6ccb00836c2973f710,2024-02-17 01:33:10,2020-10-27 08:12:26,"0776 Ryan Gardens
Lake Deanborough, CA 70079",https://picsum.photos/860/435,,active,north,Uttar Pradesh,Lucknow
ba3687d3-3787-4755-9257-2fb9bc8b7f82,Candice Alvarado,michellekirby@example.net,2021-02-24 05:32:27,i%21uReSat,4343dfb60fdc260b56f5896d502c754b,2023-08-02 12:36:10,2022-03-19 02:15:21,"38476 Vincent Run
Riveraton, MO 85546",https://picsum.photos/659/841,,active,west,Gujarat,Vadodara
da289a05-ea5c-4e48-8e93-80da3ab141af,Anthony Green,clintonsnow@example.net,2023-06-13 10:00:17,x##5Zz%1Rj,e0193af25a3f698996bb4c67aa37c6e5,2020-08-07 06:12:44,2021-06-10 15:13:04,"9479 Kimberly Estate
Deborahchester, OR 07491",https://picsum.photos/482/750,,active,east,Odisha,Cuttack
897bc535-d382-4729-8ddd-f4c15ecc5123,Frank Navarro,brownkristen@example.net,2020-11-07 08:20:45,(7^eINpaQu,b994df008d6d929e0147e8497a700378,2022-10-11 07:20:21,2021-01-12 14:47:48,"318 Ernest Flats
East Kathrynfort, CT 90047",https://picsum.photos/624/736,,active,east,Assam,Dibrugarh
9c76f9b5-a8ea-4f0a-94a3-7b62845fdda1,Jared Wilkerson,hmartinez@example.org,2021-10-31 22:04:08,0TxVNWn9)e,d2afd8e79fb073845b3db497d052906c,2024-05-06 01:22:04,2022-10-18 23:08:35,"92177 Reed Heights Apt. 805
South Jillian, NY 26947",https://picsum.photos/650/462,,active,west,Maharashtra,Nagpur
e4434742-ca34-480d-9608-02384adcfb99,Amanda Mcmahon,hillchristina@example.org,2024-06-03 23:30:37,7gq01ddw#W,124df60969336eadfabf968e1ece4bca,2020-09-07 14:01:22,2020-03-25 15:47:04,"Unit 4384 Box 3875
DPO AA 63018",https://picsum.photos/270/795,,active,south,Tamil Nadu,Madurai
b1c6fc67-1465-43d8-8ec4-419187e507a1,Colleen Robinson,wgibson@example.com,2022-09-07 21:57:49,t$7282brrW,58ea433b0527b3b47290f6bcb42cd9a8,2024-03-14 16:23:38,2022-12-25 10:57:43,"4991 Louis Freeway
Sabrinatown, WA 89083",https://dummyimage.com/737x69,,active,west,Gujarat,Vadodara
3f406d74-121c-45dc-a9ed-c8a2ddceb5e2,Frank Richardson,barnesmichele@example.com,2024-03-22 06:04:54,%9JHgC9L8f,c68f7dc06b8499e0ff4eb2d6946d1f99,2021-08-31 00:55:05,2020-09-09 16:18:58,"8562 Kristine Rapid Apt. 383
Gabrielburgh, HI 59349",https://picsum.photos/541/11,,active,west,Rajasthan,Jodhpur
1518c2c1-6627-479d-bce3-860a4b7b7b20,Edward Mejia,melissa94@example.com,2023-06-10 01:18:39,B_k1MGfkg#,098b6ae9b68e82b3bb0da9cc64cc5f11,2022-11-02 07:54:01,2021-04-30 03:21:15,"4956 Renee Walks Apt. 965
North Daniel, AR 03506",https://dummyimage.com/300x374,,active,south,Tamil Nadu,Chennai
8dd8324c-6f0b-4418-9df6-9247971b6927,Michelle Brown,bperez@example.com,2022-11-15 04:08:51,m5QR04cw$M,faf2aa2a29dee2a7825d2c2e466053ab,2020-11-14 21:48:49,2020-05-11 07:17:26,"779 James Ranch Apt. 353
Ochoaton, VA 07338",https://dummyimage.com/412x549,,active,west,Maharashtra,Pune
4388fc45-0e70-4162-9d99-c0312934fcd2,Judy Barnes,fitzpatrickrobert@example.com,2020-07-10 23:37:25,h!7!FaoY1S,8e4b4b75918dd5c28ba6e463e4a65d0d,2022-03-05 06:21:34,2020-07-05 22:31:50,"5430 John Drives
South Kimberly, AK 67144",https://picsum.photos/377/619,,active,east,West Bengal,Kolkata
dec2b2ad-6a32-4bbc-9a6c-df7a372010e4,Darlene Mckenzie,bernardmitchell@example.net,2024-02-21 05:47:30,c$CIhUL6Lo,9bf7d7f35a992e2fd176e07ada589e25,2020-09-12 17:30:33,2020-07-11 22:02:54,"863 Jennifer Glens
Hickschester, RI 01022",https://picsum.photos/9/638,,active,west,Maharashtra,Nagpur
5b9e4f2b-9bee-44b7-8491-7cbb29562af5,Susan Robinson,austinpowell@example.com,2021-04-17 13:59:02,#8VmL6@uRu,447ce385d802a81df36bd1211d3dcfce,2022-07-20 20:44:10,2021-01-22 20:26:11,"15701 Ramirez Route
Johnathanshire, ME 61994",https://dummyimage.com/164x234,,active,west,Rajasthan,Jaipur
44c4dbc5-4289-49dd-a18b-b98943f7c7e8,Jodi Chandler,staceyjackson@example.org,2023-12-11 03:24:47,+9UP0slkTs,8b6884972f34a610840d539084543b1c,2022-12-15 03:08:25,2022-11-07 15:26:45,"3101 Ann Square Apt. 901
East Ashley, OH 27383",https://dummyimage.com/651x923,,active,west,Gujarat,Surat
ef807d16-7a55-4a40-9240-bc8474ec0d64,Meghan Rodriguez,andreaellis@example.com,2020-02-20 11:17:24,4V%Z5Zmzt%,881a403e468339f9def88704e75f9d27,2020-09-26 16:49:55,2022-07-29 00:21:52,"88579 Jacob Corner Suite 453
Bestfurt, OK 56051",https://placekitten.com/930/719,,active,east,Odisha,Bhubaneswar
5320c0e1-3813-40c3-bcaa-59276f6eea53,Cody Peterson,yvonne02@example.org,2020-02-14 04:00:38,$@S((snL0f,ad5c9f5f926596ca55962af7601971a5,2023-07-28 09:25:17,2022-05-17 13:09:39,"990 Tracy Bypass
West Robertfort, VA 77389",https://picsum.photos/902/407,,active,north,Punjab,Amritsar
85d36bb8-b44e-4961-9659-9f575c33658b,Glen Jenkins,laura86@example.net,2022-04-25 02:59:21,7J0gZdSd$g,e213dc3656436d11a4b8d3d2033cac34,2020-01-21 16:01:44,2020-03-20 17:42:32,"01947 Mcmahon Throughway
Lake Daveshire, MA 95652",https://dummyimage.com/682x323,,active,west,Rajasthan,Jaipur
2ab9a72e-9223-4341-a7c9-b09ae1fa283b,Mary Foster,patelashley@example.com,2020-03-06 14:13:02,GpY#KceT_9,6d3c7ae5d1841824fff70f4de6e32212,2023-08-02 13:54:03,2023-04-13 16:28:37,"44905 Daryl Walks
Biancaton, MT 99937",https://picsum.photos/306/644,,active,west,Gujarat,Vadodara
3acb25a0-69cf-4bda-bfdf-ce44eda06212,Rebecca Serrano,ngraham@example.net,2022-01-07 01:11:02,5#Cu(eLu#1,fba92322c05881b2b7927bd807cb1352,2021-11-20 16:01:29,2024-01-20 21:11:39,"998 Castillo Falls
Andersonton, WY 89632",https://picsum.photos/217/770,,active,west,Gujarat,Surat
65e76a43-06d3-4ebd-9d2d-7245a0c9ce72,Nicholas Lucas,fred11@example.org,2023-03-28 09:08:16,WH#85aZrF),d1fc299cb2943a84e4a96b537419ae7c,2022-07-27 13:32:15,2022-01-20 12:10:08,"PSC 5181, Box 8063
APO AA 42325",https://picsum.photos/92/728,,active,west,Gujarat,Vadodara
db614b47-f7ea-4dfe-aef6-b5bb7336e1b7,Amber Salazar,fisherrussell@example.com,2021-07-07 17:28:40,^5R9vLLlIe,df1049012646ae5f455f1b2322074077,2021-03-10 23:18:28,2020-01-28 22:36:23,"357 Erica Extension
Lindaburgh, MH 47310",https://picsum.photos/416/326,,active,south,Kerala,Kochi
d46345e8-edd6-4d87-8dd0-22888e4221dc,Brian Cohen,jessicacunningham@example.net,2022-04-06 18:58:11,JjD*3IkFqX,9b511568321c86fa9f6053cde0d53c75,2022-05-29 03:54:55,2021-10-21 21:13:53,"315 Walker Via Apt. 479
Curryshire, IA 31679",https://placekitten.com/415/674,,active,south,Kerala,Thiruvananthapuram
fdf50f4d-e177-42e2-a20f-f4f517975047,Matthew Murphy,wilsontodd@example.org,2023-02-11 11:49:19,*B1sYkCUd^,6d5ab623e17a39c0ec873f48baa77583,2022-12-09 12:22:46,2023-02-14 16:04:45,"4048 Kimberly Green Apt. 622
East Ruben, MA 73719",https://dummyimage.com/699x689,,active,east,Assam,Guwahati
fb554df4-12c1-4501-a09c-ee27bd2555b3,Willie Snyder,xglenn@example.com,2024-01-17 19:03:28,SQ!Gr5YhkV,7164dfec32f4e41b08e3b9c83959a865,2023-05-09 22:48:28,2020-04-20 04:58:34,"3597 Gardner Park Apt. 080
Murrayhaven, IA 25176",https://dummyimage.com/278x770,,active,west,Maharashtra,Nagpur
8b9848ea-0ee6-4a7f-9e17-550c0c6c9551,Austin Gill,julie68@example.org,2020-08-15 02:02:20,F&6L(q5s&1,c17fe143e39db19348afc7034bffb0df,2023-11-25 08:54:13,2022-11-17 13:58:05,"6462 Gibbs Knolls Apt. 522
Matthewburgh, IA 94250",https://picsum.photos/717/484,,active,east,Odisha,Cuttack
264812b4-72eb-4904-92db-ab9036d1444b,Steven Evans,ngarcia@example.org,2023-06-25 15:28:57,uk!#2T%s9r,75be6a0d2c8b8b6319c2d743228a729f,2022-04-01 05:56:03,2022-01-13 07:04:42,"13453 Johnson Ranch Apt. 406
Alyssafort, MO 80862",https://picsum.photos/465/584,,active,north,Punjab,Amritsar
b520490a-3632-4e96-8dc5-bcb2709a32d8,Lisa Thompson,shellyharris@example.org,2023-03-01 10:26:05,3K!XN3Kux@,28b5f086323a6227ffcca1187c06be0e,2022-06-22 01:02:28,2023-09-15 00:48:55,"56925 Holland Field
Michaelland, HI 32248",https://placekitten.com/798/885,,active,north,Uttar Pradesh,Varanasi
0a95d70c-dc1f-4c7a-a85b-4b781cb8b004,Susan Ramirez,egray@example.net,2021-04-16 13:30:53,#G2pY+Zb1o,9e813c583c26f8bdae010b4e5c6aba47,2022-10-08 03:49:44,2023-07-12 23:53:49,"9662 Riley Causeway
Port Alyssaberg, NE 30809",https://dummyimage.com/90x465,,active,north,Punjab,Chandigarh
fde37d6f-6b24-4f89-aff8-13dffd9ac4f9,Christine Mullen,ricardo19@example.com,2023-05-04 01:56:41,@^!3Rv)6Dc,47e29686c6415b68e2ae8790af941f19,2020-03-26 20:57:30,2024-02-18 12:39:22,"4000 Anderson Spur
Martinburgh, NH 37796",https://dummyimage.com/815x498,,active,north,Punjab,Ludhiana
5ce6e5d3-1242-43b9-8a47-543b944b30ef,Beth Grimes,michael78@example.net,2022-04-11 05:29:01,7$YsVGJN+s,da3636aec8c795396fe0c2b97dc226b5,2020-01-03 00:30:48,2021-07-08 06:25:51,"13210 Jessica Dam Apt. 813
Thompsonfort, FM 95402",https://dummyimage.com/289x157,,active,north,Uttar Pradesh,Varanasi
1bbf4254-99b2-45bc-861e-cd75504b01b6,Russell Davis,jason32@example.net,2022-05-04 23:48:02,!eZz!t+p80,4cd1b38fd63c23fd537bd0302bbcc878,2024-01-19 13:06:26,2021-07-29 06:11:57,"0496 Molly Falls Suite 448
Michaelshire, SD 20634",https://dummyimage.com/704x89,,active,north,Punjab,Ludhiana
d85e7d6f-db93-469d-935b-37ea3e4fe496,Jason White,lucas42@example.net,2021-09-30 19:09:04,+&O4spAhE%,8d333269c966cca6f77aba47ac3fb4ed,2021-09-17 19:29:19,2021-07-16 07:50:17,"689 Jose Pine Apt. 303
Port Ashley, PA 02001",https://placekitten.com/682/756,,active,south,Karnataka,Mysore
a35c9bb2-59b3-41a4-946c-b30862ebe1da,Gregory Cisneros,walterperez@example.org,2023-02-04 23:46:32,%FGH5Mbsfg,3b2810b67145a46da47eae3574757d70,2020-08-27 03:06:59,2020-05-23 15:19:18,"27619 Murphy Mall
Martinberg, VT 16324",https://dummyimage.com/930x3,,active,north,Uttar Pradesh,Kanpur
36e41d7b-5607-47d9-b0cf-e43e9ea3645b,Luis Reed,esteele@example.org,2021-01-26 02:35:07,f9^V4cbj%G,1f8e6927315cf7353b786e25a904f5a3,2023-05-29 07:11:18,2022-06-23 22:45:40,"Unit 2263 Box 2575
DPO AA 70795",https://placekitten.com/784/484,,active,west,Gujarat,Vadodara
b1fc046d-f835-42f2-ae72-5afccbe05beb,Mr. John Yoder,robertscott@example.org,2023-07-11 00:49:03,dO_1^Ab*v*,54a9f202e075895670c5ee30c67b44b4,2023-05-02 08:17:38,2022-12-03 21:42:57,"5686 Jason Village Apt. 216
Nelsonfurt, SD 75852",https://dummyimage.com/109x645,,active,west,Rajasthan,Udaipur
1c058adc-917f-4162-a4d8-724cd30c42d7,Melissa Hawkins,wsmith@example.net,2022-09-20 15:31:36,Q5tBE*n!_m,d96cd30c3845f25e75e8e16db7349690,2020-09-05 08:39:40,2020-07-30 17:10:29,"6006 Rodney Avenue Apt. 983
South John, SD 58082",https://picsum.photos/392/267,,active,south,Tamil Nadu,Chennai
64f0f399-a3ef-4918-ac75-a8b671f5c560,Michael Lee,alvareztyler@example.org,2022-10-25 17:23:07,oJ5FZh7X(+,e267baca87bc2f35c39adfb0a64f9d93,2023-01-27 19:23:35,2020-10-28 20:01:13,"9075 Moyer Garden Apt. 419
South Judithburgh, NC 82071",https://placekitten.com/258/956,,active,south,Kerala,Kozhikode
aee62766-239a-4133-a72d-28fd7e9c34fa,Chelsea Henry MD,aprilmurphy@example.org,2024-03-17 11:21:23,+t13*TmV$4,e6cfbb0b0edf5a0d8ea4adbea77926a4,2021-08-08 11:36:27,2020-04-29 16:52:18,"628 Diana Pike
Jaredtown, MO 81746",https://placekitten.com/884/507,,active,south,Karnataka,Bangalore
af6afa3e-b37a-45c1-a65f-b9f69125a06a,Brenda Lopez,jonathanhunter@example.com,2020-08-18 02:17:07,s^!TS%iK_8,649597b75a436f849f057e1af07054df,2022-01-17 17:28:48,2022-11-16 01:14:24,"7724 Randall Roads
Bethanyburgh, WA 73420",https://dummyimage.com/391x937,,active,south,Karnataka,Mangalore
d0c811bc-fa12-4a42-ab6a-e8d0c1030afe,Robert Fuller,kpatterson@example.org,2020-11-14 22:16:21,j7D(R#z8(b,e65e7e431629c845a1742e051dbd1835,2022-10-05 01:44:46,2021-10-24 14:39:25,"031 Adam Parks
Hendersontown, TN 83040",https://dummyimage.com/168x559,,active,west,Maharashtra,Mumbai
61b1369f-3b41-4a81-bd09-3c19da176365,James Price,marthacantrell@example.net,2023-05-15 13:02:22,Y(Ow8aIf(3,3f6706416bfe740d12e50093ba9514b2,2021-03-04 12:58:27,2020-07-11 19:38:14,"USNS Ryan
FPO AA 87714",https://picsum.photos/80/280,,active,south,Kerala,Kozhikode
fc90c063-b854-4a23-8174-8dc823271bed,Debra Hill,brian76@example.org,2021-04-20 04:59:12,xd_V5#EkFm,5a3724d85a0007d6ffa413c4c654e3c5,2024-05-14 01:42:47,2021-03-17 07:41:05,"17561 Greg Underpass Apt. 813
Jerryland, RI 60185",https://placekitten.com/800/316,,active,south,Tamil Nadu,Chennai
04ee3363-847f-4a21-805c-bfeda78354b6,Angela Miller DDS,sandra18@example.org,2022-07-22 06:43:54,$8JX4JJA4z,28c0bb6b1bac964bb524d1abfca07870,2020-10-25 16:36:38,2024-02-01 12:23:40,"323 Davis Isle Apt. 828
Sanchezstad, WI 06155",https://picsum.photos/9/436,,active,west,Gujarat,Surat
f642f763-f4d2-474b-88ed-3b16ef37761b,Mrs. Crystal Johnson,escobardamon@example.org,2020-02-28 09:36:26,)yZa8PFbA0,25b521b3bcb3654ea5cb260c3e4d78f3,2020-10-17 23:58:05,2022-06-28 03:45:06,"PSC 0239, Box 8152
APO AE 03506",https://picsum.photos/443/162,,active,east,Assam,Dibrugarh
3eacc2d3-7693-4bbe-af56-088641dd97e2,Angelica Williams,raustin@example.net,2021-12-29 23:14:44,Z2oD1ZwP&s,e2ef475209fd5df5db63ad0c862fd704,2021-12-19 16:07:02,2024-06-24 16:49:25,"0213 Isaac Squares Suite 139
Amandafurt, SC 84478",https://dummyimage.com/183x138,,active,west,Gujarat,Vadodara
3e65e8cd-5492-4535-94e7-0fd4f4a529e6,Michael Clark,melissa46@example.org,2021-01-07 08:39:40,ck$J#4PqEl,d2da87305083b09cfdc224a717ecb950,2021-02-16 08:41:05,2022-08-28 04:59:50,"USNV Rodriguez
FPO AA 56029",https://placekitten.com/61/39,,active,south,Karnataka,Mysore
374a1db3-41cb-438c-b389-d598000c3b2f,Rebecca Rodgers PhD,gparker@example.com,2024-01-26 00:11:38,m_x06EDbHY,cd12f4c250fdde68ad966f19bd49d718,2020-02-04 10:00:16,2022-06-05 18:09:50,"5758 Griffin Junction
Brandibury, AZ 66697",https://placekitten.com/932/738,,active,east,Odisha,Rourkela
3655a4c3-b596-4e8e-a486-c8b896e7cc81,Joseph Black,cheryl67@example.com,2023-10-12 19:09:11,#AZyliSwu3,3243e8f4024100978a0d0cf5b4a0ede0,2020-07-22 16:32:04,2023-01-18 13:57:39,"0356 Leslie Station Suite 106
South Stephanieport, CA 51702",https://placekitten.com/189/445,,active,east,Assam,Silchar
9aaf399b-b982-4970-bc19-b24a9204e501,Jennifer Hill,scottjared@example.org,2023-03-09 09:07:37,_55LiQh%ny,e7d8c80efebf2d8ceb01ca90b30ef865,2020-10-14 17:05:56,2021-10-22 09:34:42,"45002 Gaines Radial Apt. 309
West Nicole, IA 91993",https://dummyimage.com/929x450,,active,north,Punjab,Chandigarh
19090bb3-7399-4a0d-bab2-cb484430f6d7,Nathan Gibson,bvelasquez@example.com,2020-11-01 07:48:39,TJ8P6Qpao*,9aef2d5df069bba07393550ca3da0f23,2023-02-17 04:46:23,2021-07-20 01:13:49,"07819 Rice Harbors
East Jeffrey, MD 58104",https://picsum.photos/818/717,,active,east,Assam,Guwahati
0412e43d-1e2c-42f0-aa73-29f0870b9a52,John Brown,stevendavis@example.com,2024-06-08 22:47:11,Z*tx10pvUN,688c15b8e08289da8f0f8e8f547a5fa9,2022-08-01 21:43:43,2024-05-18 00:55:33,"474 Mitchell Hollow Apt. 785
Saundersside, MA 01879",https://picsum.photos/190/798,,active,south,Karnataka,Bangalore
4f5bc7a2-214a-4777-b476-44845fa2795a,Deborah Martin,elizabeth75@example.net,2022-11-19 08:10:17,)ObDYYBu9M,9037bbe495593649427b13591ab13331,2021-04-28 06:19:22,2023-07-25 21:55:23,"PSC 8504, Box 0893
APO AA 45015",https://placekitten.com/893/377,,active,west,Rajasthan,Udaipur
c357a32a-e2da-42e3-a7d7-0d971ce4e0e2,Benjamin Waller,aadams@example.net,2021-02-05 18:50:57,fn4WIg!8c&,6d403ff4cfdc295ebe4125c07a5fa238,2022-04-18 08:33:14,2021-02-03 22:07:18,"7586 Benjamin Center
Wilkersontown, AZ 55677",https://placekitten.com/113/684,,active,east,Odisha,Rourkela
0ea3b981-f8db-430e-8f38-b4e10e42c852,Danielle Parker,fallen@example.net,2021-10-03 12:38:47,#tKMi8m@3&,595d25b65d9cdbe185dad5cc76cac826,2022-10-03 19:17:48,2021-08-03 15:33:15,"6525 Diana Loop
Copelandview, CA 45146",https://picsum.photos/71/626,,active,east,West Bengal,Durgapur
704a84a9-be5b-4b9f-9852-63371a2e756e,Douglas Frank,johnnguyen@example.net,2024-06-09 14:35:21,&5YtK9Yexd,77929a5027b530beb9aecdfd5d519d55,2021-04-20 11:14:10,2022-11-28 02:23:23,"3178 Jeremy Village Suite 990
Port Natalie, IL 36386",https://picsum.photos/34/170,,active,east,West Bengal,Siliguri
da324a58-874c-4f05-b48f-4bae4ef7c7d4,Madison Lam,robertadkins@example.com,2020-10-16 20:33:02,BI+FNfe^+9,63c227923b7f2e29d0ee208d686b1f81,2023-04-15 10:27:58,2022-02-27 18:15:45,"890 Chavez Harbor
Tonyborough, AK 44637",https://dummyimage.com/729x737,,active,east,Assam,Dibrugarh
27c38fa3-c271-4f92-a334-9ddadeed1e06,Tonya Salazar,tnelson@example.com,2021-04-15 01:33:29,LY05Ofuk$1,96cd8578d2c9f10303574b7b00f165f8,2020-05-30 08:54:55,2020-12-04 14:19:36,"33266 Angela Center Suite 020
Bauerstad, PR 66919",https://picsum.photos/767/214,,active,south,Kerala,Kozhikode
51bf1eb4-833e-450d-ad81-0237de4d8bca,Tonya Jordan,littlekaren@example.net,2023-06-09 11:15:12,y_6Fn)$ics,9c560778dd62eab49c4fe89d4cab08cd,2020-03-21 22:18:40,2021-11-15 19:42:31,"54959 Solomon Drive
Ericborough, SC 58418",https://placekitten.com/908/485,,active,north,Punjab,Chandigarh
38368b22-e407-4f6f-9be3-3f22bc9d25d4,Courtney Goodman,jessemckinney@example.org,2020-12-20 05:27:32,^97qVqvJ@P,36bf1595c200c8159359473945a0263b,2020-05-14 09:00:43,2021-10-26 03:32:38,"06804 Ortiz Expressway
North Feliciachester, MO 03561",https://dummyimage.com/1009x780,,active,west,Rajasthan,Udaipur
a69abbef-128d-4974-be0a-3f24204ac91d,William Perkins,jeffreyrobertson@example.com,2023-04-23 11:21:00,O3(VovJg(d,753b2a9e99ff339a7b27454703c78990,2020-07-18 06:58:00,2020-03-28 10:39:00,"35333 Dustin Centers
East Morgan, PA 64685",https://picsum.photos/524/1001,,active,south,Kerala,Kochi
84e7823a-72fb-470b-9f47-28647c68e3fa,Julie Waters,knapplisa@example.net,2020-07-12 12:13:55,$5GciKb#$w,ab46922486ba9e47fe91154b58d3cd67,2022-03-25 16:55:32,2020-07-07 17:34:09,"071 Waters Flat
North Tiffanyborough, ID 95580",https://picsum.photos/216/611,,active,south,Tamil Nadu,Madurai
63d727f6-9228-4f79-8c36-8c53d05810db,Elizabeth Miller,jwilliamson@example.com,2022-06-01 00:56:04,+F)GUqwv4*,974eb516303db3020c904371bace8c0a,2020-07-16 09:23:31,2020-10-29 11:12:54,"539 Carlos Light
West Kendra, IL 04655",https://picsum.photos/72/338,,active,north,Uttar Pradesh,Lucknow
008239b1-ef46-484e-bfca-a50db44796f3,Joseph Hughes,crystal49@example.net,2020-05-28 06:24:06,!3f3DdzRw&,b4f4f6dc7ad63789c8250c4f4504e001,2022-06-16 00:41:19,2020-12-09 06:06:05,"260 Alicia Port
New Eileen, NY 79489",https://dummyimage.com/86x226,,active,south,Kerala,Thiruvananthapuram
7972cb7c-39c9-4bcc-8591-5066c956b8e7,Alexis Richmond,perezchristina@example.net,2022-09-01 21:26:10,u38Pe1ql@j,fa58f0da21a767b59b495f74f01f8f29,2022-12-09 22:34:32,2023-12-31 03:39:54,"2600 Gordon Junction
East Dustin, NM 94237",https://dummyimage.com/80x827,,active,west,Maharashtra,Pune
9cc4da3f-7057-4214-a885-bf2ef4beeb3b,Kayla Mills,aaron68@example.com,2023-03-15 08:39:09,%K9ge0Ox5b,fe8787b591f70988738d6f2920cba8c2,2020-07-20 01:45:07,2021-04-05 23:07:41,"118 Porter Hollow
South Melissa, AK 69847",https://picsum.photos/693/50,,active,north,Delhi,New Delhi
f7db86cf-1f2f-4e62-b1e9-12fc532471d9,Robin Mcgee,jonesmaria@example.org,2022-02-15 00:16:41,%7iFGZo@)&,d4f3b24f6895bcdff68fdc86c764b5dc,2021-09-08 16:55:53,2024-05-08 04:55:48,"2685 Johnny Path
Kanemouth, OR 22402",https://dummyimage.com/974x412,,active,north,Delhi,New Delhi
4f0ccef0-4f54-4e0d-95af-ff8e4ba54f2c,Tara Brown,btrevino@example.org,2024-04-12 20:11:36,*#9*FxsP&A,b0edbbe918d8f758012f5e9b0f001552,2024-04-10 02:21:51,2020-11-08 22:56:35,"19492 John Unions
Port Carlmouth, MD 72409",https://picsum.photos/622/729,,active,south,Karnataka,Mangalore
5516c5cc-6fff-4893-b35f-3b5f7425e0a0,Mary Rodriguez,nancyhoward@example.org,2021-11-25 06:08:16,1+VNEZwj%1,fe5cd5d7583c4453141d56d47216e333,2024-03-07 06:11:41,2020-08-10 05:22:54,"6539 Mary Hollow
North Teresa, DC 10218",https://placekitten.com/926/98,,active,south,Kerala,Thiruvananthapuram
6a718cf6-6b28-4d50-a4aa-bb7270d097d6,Michael Whitney,barbara62@example.com,2022-02-23 19:46:12,1IoYDgF@#8,3d07d3b207fa63067c11a7837ce0ba6f,2021-07-20 02:10:52,2021-04-28 03:28:06,"547 Zachary Freeway
Gonzalezhaven, NE 57252",https://dummyimage.com/267x787,,active,south,Tamil Nadu,Coimbatore
6ec2e20b-a6a7-4e1d-b4a0-b734f2bab0cf,Victor Marshall,jgallagher@example.org,2021-10-29 21:04:21,0e%NR1Adm!,df793d389f81c85d7c02282ba95e2517,2023-08-20 02:23:23,2023-10-20 05:15:49,"733 Morris Street Suite 234
West Jenniferborough, NY 80224",https://dummyimage.com/832x10,,active,south,Karnataka,Mangalore
8e3eda66-81cb-425a-bf0b-cc8b8fe1ae34,Mary French,matthewsullivan@example.net,2024-02-25 23:51:15,x3n8hG&^_F,b9a84d2277e3cce750b0d58e9ddf2b19,2022-08-15 11:04:24,2021-12-07 13:05:47,"9384 Kurt Lights
Port Destinyview, VI 31935",https://picsum.photos/59/102,,active,west,Rajasthan,Jaipur
2f4f97a6-b1bd-402d-8da2-2c6d163c5e6a,Amanda Hernandez,riveradavid@example.org,2022-04-27 05:42:12,&mqGP3Xi0+,e8c1487b3ce006b79e5bac9c612863dc,2020-11-01 20:02:04,2023-07-25 14:48:46,"USNV Cook
FPO AE 33697",https://placekitten.com/990/925,,active,west,Rajasthan,Udaipur
082afc4b-9ce0-4e67-8fe0-7f2cb6a6997d,Brenda Hall,lindasparks@example.org,2021-06-14 08:48:58,c9I%IIiq+C,c7681d53e74664c188a8ee934a1e28eb,2021-10-21 15:54:19,2023-07-15 14:15:59,"413 Megan Orchard Suite 739
Port Lisa, MN 38746",https://picsum.photos/320/847,,active,north,Delhi,New Delhi
79000948-99c4-4f17-88fb-9c7ca21dba40,Eric Garner,wangbrandon@example.com,2023-09-16 08:10:03,$!QzyNgTt7,c916578f06b8a0951896f56263a54b00,2023-10-13 06:55:43,2021-02-22 10:42:02,"PSC 9779, Box 8370
APO AP 40334",https://dummyimage.com/383x929,,active,west,Maharashtra,Nagpur
bf1afb7c-a98b-45dc-9c9f-58f76c261e7f,Jerry Wilson,patriciapayne@example.org,2023-01-14 16:43:20,!FCyFbwDr0,47e31c48f82acad2f83fe53aca4b6e3b,2021-06-30 17:49:07,2024-05-19 14:12:18,"8885 Contreras Radial
Josephchester, OR 41005",https://picsum.photos/1016/716,,active,north,Delhi,New Delhi
4cc8bd53-621d-4139-95a2-08aa48fad383,Linda Hawkins,johnanderson@example.org,2021-01-17 01:52:04,+S%LU#nQO5,5bf7e19afdee7f9a8c8b9d287e7ad315,2021-09-15 20:27:23,2020-07-25 08:26:02,"20360 Bennett Burgs
West Jennifer, OK 82901",https://dummyimage.com/245x642,,active,west,Maharashtra,Mumbai
96893d12-8882-48b8-b22a-574fd8a3054d,Shirley Carson,samuelberry@example.net,2023-09-30 21:50:30,0FZkp@Qx+5,9ada93fdf3281787df734a2a21fd147d,2022-08-25 20:33:04,2022-07-12 15:32:39,"3678 Pierce Turnpike Apt. 518
Christopherview, AR 36085",https://dummyimage.com/933x605,,active,west,Maharashtra,Pune
32b0652c-b871-4253-8627-3c32aeecfe87,Maureen Wood,karenrodriguez@example.com,2022-07-01 23:23:31,^$BR*1Fdlv,38e9de64f6b55356a3f8ef1bea60552c,2022-04-14 03:49:14,2022-08-30 20:59:08,"287 Daniels Cape Suite 613
Deckerville, IA 98654",https://dummyimage.com/169x903,,active,north,Delhi,New Delhi
f53a9afb-e743-4a87-9cc8-029fd2093d97,Elizabeth Wilson,ahurley@example.net,2021-12-26 13:46:31,QO+E5bMiR$,50b44c1cd23c527305bd37452d7c7444,2023-12-15 14:44:32,2020-06-19 15:43:38,"09590 Stacy Forge
Georgeton, HI 54617",https://dummyimage.com/346x402,,active,south,Tamil Nadu,Madurai
76bdccab-067f-4969-ab5a-6c4e54a3aca4,Rebecca Morgan,sara69@example.org,2023-01-16 23:55:48,*46SMz0Fzd,da373fb7b7fb30118a0d8046e94fb1d8,2020-11-01 09:16:02,2024-04-23 04:59:29,"9730 Decker Lake Apt. 250
Jordanfort, VT 06794",https://picsum.photos/417/1002,,active,east,West Bengal,Durgapur
dbffc9db-5f2f-47ed-9494-cc02e68c9df8,Kelly Krueger,lwright@example.net,2020-08-20 06:34:26,Poo6G*iaw),82e09379585dc70d835964c8cefdc774,2022-06-01 08:57:23,2023-02-22 13:11:59,"88413 Cathy Fords Apt. 179
Nashview, IL 24519",https://placekitten.com/448/246,,active,north,Delhi,New Delhi
67051c89-d454-4f72-a45e-e47346d90db8,Angela Chandler,kelseyschroeder@example.net,2020-09-11 17:16:27,C5x_wFts%b,b1f50d268de3380f70de476358fe3edf,2024-04-18 22:27:18,2024-04-21 07:37:43,"80238 Mccoy Mall Apt. 673
West Heather, MP 66213",https://dummyimage.com/134x775,,active,south,Kerala,Thiruvananthapuram
4adafefe-746d-4f31-af3d-44d00250af23,Ashley Clark,hbarnes@example.net,2023-07-21 08:25:30,%D^0AJ*rl!,53e45aa1dd752bd02d20f020439ef534,2020-02-20 19:00:30,2021-12-25 20:33:49,"774 Garrett Avenue Suite 135
Cheryltown, RI 46872",https://placekitten.com/60/90,,active,north,Uttar Pradesh,Varanasi
a8b5ac59-a93f-4d86-a908-12de73f65b55,David Haas,heather00@example.com,2022-06-11 18:58:19,OY+8JhOBB@,1820b8f79297641c6036e2b208179a8e,2023-03-19 06:31:09,2021-04-04 02:21:53,"2439 Jennifer Trafficway Apt. 139
South Jaime, MH 26649",https://dummyimage.com/611x264,,active,north,Uttar Pradesh,Lucknow
5257ef6e-3849-43d8-8eb6-be11d7a024b5,Stephen Kennedy,kelly18@example.com,2022-01-18 09:27:11,p0HwLBrX#S,597c87c40eed77dd62cf2b8ad59adea4,2020-11-13 04:06:58,2020-11-20 14:11:57,"18694 Julia Ridge Suite 850
Fredstad, NH 06724",https://placekitten.com/1023/468,,active,east,Odisha,Bhubaneswar
933bbea3-8d8b-4234-829a-e1b0a9cf8d4a,Victoria Santiago,amy89@example.org,2021-11-12 00:03:00,%0gfWrij(R,12fa50ea991245829ca0c72211298a52,2021-05-23 19:38:32,2022-02-20 09:03:00,"USNS Garcia
FPO AE 40003",https://picsum.photos/1007/950,,active,east,West Bengal,Siliguri
6af5482a-82dd-4a01-9d4e-bf5b69820e44,Melissa King,campbelldaniel@example.net,2024-03-08 04:08:42,+d6PbNTv0D,3e1ad697e982ad50dde7759f8c7a6586,2022-02-08 09:40:54,2024-03-10 07:40:40,"546 Cheryl Locks
South Christina, LA 30802",https://dummyimage.com/665x276,,active,west,Maharashtra,Mumbai
5de80100-28b9-41f7-83a1-00ea74f29cae,Jason Alvarado,ghayes@example.com,2020-08-08 08:05:46,DZ5LrK5g&Y,5f246bb6f395eaa3524f122bb2061fda,2023-05-31 18:44:30,2023-05-18 07:44:31,"USNV Schultz
FPO AP 33098",https://dummyimage.com/234x694,,active,south,Karnataka,Mangalore
